ComboId,comboSku,SKU,ParentSKU,ItemQty
67d29a846a0c73f6f6b050af,K-1055,K-388,K-388,1
67d29a846a0c73f6f6b050af,K-1055,K-58,K-58,1
67d29a846a0c73f6f6b050af,K-1055,K-06,K-06,1
67d29a876a0c73f6f6b050bf,K-1060,K-482,K-482,1
67d29a876a0c73f6f6b050bf,K-1060,K-158,K-158,1
67d29a876a0c73f6f6b050bf,K-1060,K-1170,K-06,5
67d29a906a0c73f6f6b050ea,K-5701,K-344,K-344,1
67d29a906a0c73f6f6b050ea,K-5701,K-5867,K-5867,1
67d29a906a0c73f6f6b050ea,K-5701,K-6565,K-31,2
67d29a936a0c73f6f6b05101,K-5707,K-336,K-336,1
67d29a936a0c73f6f6b05101,K-5707,K-344,K-344,1
67d29a936a0c73f6f6b05101,K-5707,K-540,K-540,1
67d29a936a0c73f6f6b05101,K-5707,K-30,K-30,1
67d29aa56a0c73f6f6b0516e,K-5341,K-1115,K-1115,1
67d29aa56a0c73f6f6b0516e,K-5341,K-166,K-166,1
67d29aac6a0c73f6f6b051ac,K-5450,K-984,K-984,1
67d29aac6a0c73f6f6b051ac,K-5450,K-982,K-982,1
67d29abb6a0c73f6f6b051fa,K-5705,K-612,K-612,1
67d29abb6a0c73f6f6b051fa,K-5705,K-669,K-669,1
67d29abb6a0c73f6f6b051fa,K-5705,K-30,K-30,1
67d29ac06a0c73f6f6b05214,K-5342,K-1107,K-1107,1
67d29ac06a0c73f6f6b05214,K-5342,K-5645,K-5645,1
67d29ac06a0c73f6f6b05214,K-5342,K-1115,K-1115,1
67d29ac06a0c73f6f6b05214,K-5342,K-166,K-166,1
67d29ac16a0c73f6f6b0521d,K-5943,K-5155,K-5155,1
67d29ac16a0c73f6f6b0521d,K-5943,K-217,K-217,1
67d29ac46a0c73f6f6b0522b,K-5947,K-462,K-462,1
67d29ac46a0c73f6f6b0522b,K-5947,K-409,K-409,1
67d29ac86a0c73f6f6b05240,K-5339,K-09,K-09,1
67d29ac86a0c73f6f6b05240,K-5339,K-58,K-58,1
67d29acc6a0c73f6f6b05256,K-5860,K-85,K-85,1
67d29acc6a0c73f6f6b05256,K-5860,K-89,K-89,1
67d29acc6a0c73f6f6b05256,K-5860,K-73,K-73,1
67d29ace6a0c73f6f6b0525f,K-5685,K-141,K-141,1
67d29ace6a0c73f6f6b0525f,K-5685,K-30,K-30,1
67d29ace6a0c73f6f6b0525f,K-5685,K-355,K-354,2
67d29ad26a0c73f6f6b05275,K-5972,K-6400,K-6400,1
67d29ad26a0c73f6f6b05275,K-5972,K-5224,K-5224,1
67d29ae36a0c73f6f6b0530a,K-1404,K-19,K-19,1
67d29ae36a0c73f6f6b0530a,K-1404,K-6130,K-6130,1
67d29aeb6a0c73f6f6b05340,G-495,K-101,K-101,1
67d29aeb6a0c73f6f6b05340,G-495,K-105,K-105,1
67d29b086a0c73f6f6b05401,K-6430,K-6432,K-6432,1
67d29b086a0c73f6f6b05401,K-6430,K-5806,K-5806,1
67d29b0e6a0c73f6f6b0541d,K-6444,K-5416,K-5416,1
67d29b0e6a0c73f6f6b0541d,K-6444,K-416,K-416,1
67d29b136a0c73f6f6b05432,K-6447,K-5545,K-5545,1
67d29b136a0c73f6f6b05432,K-6447,K-5582,K-5582,1
67d29b1d6a0c73f6f6b05463,K-6454,K-5280,K-5280,1
67d29b1d6a0c73f6f6b05463,K-6454,K-5770,K-5770,1
67d29b226a0c73f6f6b05478,K-6457,K-5280,K-5280,1
67d29b226a0c73f6f6b05478,K-6457,K-5770,K-5770,1
67d29b266a0c73f6f6b05494,K-6461,K-458,K-458,1
67d29b266a0c73f6f6b05494,K-6461,K-252,K-252,1
67d29b2c6a0c73f6f6b054a9,K-6464,K-5564,K-5564,1
67d29b2c6a0c73f6f6b054a9,K-6464,K-6474,K-6474,1
67d29b2f6a0c73f6f6b054b7,K-6466,K-5564,K-5564,1
67d29b2f6a0c73f6f6b054b7,K-6466,K-5416,K-5416,1
67d29b336a0c73f6f6b054cc,K-6469,K-5564,K-5564,1
67d29b336a0c73f6f6b054cc,K-6469,K-5416,K-5416,1
67d29b356a0c73f6f6b054d3,K-6485,K-65,K-65,1
67d29b356a0c73f6f6b054d3,K-6485,K-409,K-409,1
67d29b3a6a0c73f6f6b054fc,K-6501,K-24,K-24,1
67d29b3a6a0c73f6f6b054fc,K-6501,K-5680,K-5680,1
67d29b3a6a0c73f6f6b054fc,K-6501,K-336,K-336,1
67d29b3a6a0c73f6f6b054fc,K-6501,K-442,K-442,1
67d29b3a6a0c73f6f6b054fc,K-6501,K-5971,K-5971,1
67d29b3a6a0c73f6f6b054fc,K-6501,K-382,K-382,1
67d29b3a6a0c73f6f6b054fc,K-6501,K-5754,K-5754,1
67d29b3a6a0c73f6f6b054fc,K-6501,K-409,K-409,1
67d29b3a6a0c73f6f6b054fc,K-6501,K-5753,K-5753,1
67d29b3a6a0c73f6f6b054fc,K-6501,K-489,K-489,1
67d29b3a6a0c73f6f6b054fc,K-6501,K-5551,K-5551,1
67d29b3a6a0c73f6f6b054fc,K-6501,K-06,K-06,1
67d29b3a6a0c73f6f6b054fc,K-6501,K-1395,K-1395,1
67d29b3a6a0c73f6f6b054fc,K-6501,K-501,K-501,1
67d29b3a6a0c73f6f6b054fc,K-6501,K-1266,K-1266,1
67d29b3d6a0c73f6f6b05523,K-6587,K-6581,K-6581,1
67d29b3d6a0c73f6f6b05523,K-6587,K-5002,K-5002,1
67d29b3d6a0c73f6f6b05523,K-6587,K-6129,K-6129,1
67d29b3e6a0c73f6f6b0552c,K-6588,K-24,K-24,1
67d29b3e6a0c73f6f6b0552c,K-6588,K-6372,K-6372,1
67d29b3e6a0c73f6f6b0552c,K-6588,K-5645,K-5645,1
67d29b3f6a0c73f6f6b05535,K-6589,K-101,K-101,1
67d29b3f6a0c73f6f6b05535,K-6589,K-40,K-40,1
67d29b3f6a0c73f6f6b05535,K-6589,K-5645,K-5645,1
67d29b4d6a0c73f6f6b05592,K-6629,K-166,K-166,1
67d29b4d6a0c73f6f6b05592,K-6629,K-1107,K-1107,1
67d29b4f6a0c73f6f6b055a1,K-6596,K-02,K-6358,2
67d29b4f6a0c73f6f6b055a1,K-6596,G-06,G-06,1
67d29b4f6a0c73f6f6b055a1,K-6596,K-1192,K-1192,1
67d29b506a0c73f6f6b055aa,K-6597,G-292,G-292,1
67d29b506a0c73f6f6b055aa,K-6597,K-02,K-6358,2
67d29b506a0c73f6f6b055aa,K-6597,K-165,K-165,1
67d29b5b6a0c73f6f6b055ed,K-6649,G-312,G-312,1
67d29b5b6a0c73f6f6b055ed,K-6649,G-38,G-38,1
67d29b786a0c73f6f6b056c9,K-6837,K-402,K-402,1
67d29b786a0c73f6f6b056c9,K-6837,K-5565,K-5564,2
67d29b786a0c73f6f6b056c9,K-6837,K-52,K-52,1
67d29b7a6a0c73f6f6b056d2,K-6838,K-5416,K-5416,1
67d29b7a6a0c73f6f6b056d2,K-6838,K-5565,K-5564,2
67d29b7a6a0c73f6f6b056d2,K-6838,K-141,K-141,1
67d29b8b6a0c73f6f6b0574a,K-6864,K-6892,K-5405,2
67d29b8b6a0c73f6f6b0574a,K-6864,K-6893,K-5142,2
67d29b8b6a0c73f6f6b0574a,K-6864,K-5680,K-5680,1
67d29b8b6a0c73f6f6b0574a,K-6864,K-5592,K-5592,1
67d29b8b6a0c73f6f6b0574a,K-6864,K-1171,K-06,2
67d29b906a0c73f6f6b05774,K-6867,K-6892,K-5405,2
67d29b906a0c73f6f6b05774,K-6867,K-6893,K-5142,2
67d29b906a0c73f6f6b05774,K-6867,K-5680,K-5680,1
67d29b906a0c73f6f6b05774,K-6867,K-5592,K-5592,1
67d29b906a0c73f6f6b05774,K-6867,K-1171,K-06,2
67d29b906a0c73f6f6b05774,K-6867,K-6891,K-6389,5
67d29b956a0c73f6f6b0579e,K-6870,K-6892,K-5405,2
67d29b956a0c73f6f6b0579e,K-6870,K-6893,K-5142,2
67d29b956a0c73f6f6b0579e,K-6870,K-5680,K-5680,1
67d29b956a0c73f6f6b0579e,K-6870,K-6894,K-5163,2
67d29b956a0c73f6f6b0579e,K-6870,K-6902,K-1200,2
67d29b966a0c73f6f6b057aa,K-6871,K-6893,K-5142,2
67d29b966a0c73f6f6b057aa,K-6871,K-5680,K-5680,1
67d29b966a0c73f6f6b057aa,K-6871,K-6894,K-5163,2
67d29b966a0c73f6f6b057aa,K-6871,K-6902,K-1200,2
67d29b996a0c73f6f6b057c2,K-6873,K-6892,K-5405,2
67d29b996a0c73f6f6b057c2,K-6873,K-6893,K-5142,2
67d29b996a0c73f6f6b057c2,K-6873,K-5680,K-5680,1
67d29b996a0c73f6f6b057c2,K-6873,K-6894,K-5163,2
67d29b996a0c73f6f6b057c2,K-6873,K-6902,K-1200,2
67d29b996a0c73f6f6b057c2,K-6873,K-6900,K-93,2
67d29b9b6a0c73f6f6b057d1,K-6874,K-6892,K-5405,2
67d29b9b6a0c73f6f6b057d1,K-6874,K-6893,K-5142,2
67d29b9b6a0c73f6f6b057d1,K-6874,K-5680,K-5680,1
67d29b9b6a0c73f6f6b057d1,K-6874,K-6894,K-5163,2
67d29b9b6a0c73f6f6b057d1,K-6874,K-6902,K-1200,2
67d29b9b6a0c73f6f6b057d1,K-6874,K-6900,K-93,2
67d29b9d6a0c73f6f6b057e0,K-6875,K-6892,K-5405,2
67d29b9d6a0c73f6f6b057e0,K-6875,K-6893,K-5142,2
67d29b9d6a0c73f6f6b057e0,K-6875,K-5680,K-5680,1
67d29b9d6a0c73f6f6b057e0,K-6875,K-6894,K-5163,2
67d29b9d6a0c73f6f6b057e0,K-6875,K-6902,K-1200,2
67d29b9d6a0c73f6f6b057e0,K-6875,K-6900,K-93,2
67d29ba16a0c73f6f6b0580d,K-6878,K-6892,K-5405,2
67d29ba16a0c73f6f6b0580d,K-6878,K-6893,K-5142,2
67d29ba16a0c73f6f6b0580d,K-6878,K-5680,K-5680,1
67d29ba16a0c73f6f6b0580d,K-6878,K-6894,K-5163,2
67d29ba16a0c73f6f6b0580d,K-6878,K-6902,K-1200,2
67d29ba16a0c73f6f6b0580d,K-6878,K-6898,K-5676,2
67d29bb16a0c73f6f6b058af,K-6889,K-6895,K-105,2
67d29bb16a0c73f6f6b058af,K-6889,K-6896,K-458,2
67d29bb16a0c73f6f6b058af,K-6889,K-5567,K-5567,1
67d29bb16a0c73f6f6b058af,K-6889,K-6897,K-252,2
67d29bb16a0c73f6f6b058af,K-6889,K-5475,K-5475,1
67d29bb16a0c73f6f6b058af,K-6889,K-1171,K-06,2
67d29bb16a0c73f6f6b058af,K-6889,K-6898,K-5676,2
67d29bb76a0c73f6f6b058df,K-6993,K-167,K-167,1
67d29bb76a0c73f6f6b058df,K-6993,K-6023,K-6023,1
67d29bb76a0c73f6f6b058df,K-6993,K-30,K-30,1
67d29bc36a0c73f6f6b0592a,K-7011,K-6232,K-6232,1
67d29bc36a0c73f6f6b0592a,K-7011,K-06,K-06,1
67d29bd26a0c73f6f6b05973,K-7050,K-6426,K-6426,1
67d29bd26a0c73f6f6b05973,K-7050,K-5416,K-5416,1
67d29bd26a0c73f6f6b05973,K-7050,K-58,K-58,1
67d29bd56a0c73f6f6b05982,K-7056,K-5187,K-5187,1
67d29bd56a0c73f6f6b05982,K-7056,K-6002,K-6002,1
67d29bd76a0c73f6f6b05989,K-7057,K-5187,K-5187,1
67d29bd76a0c73f6f6b05989,K-7057,K-6002,K-6002,1
67d29bdc6a0c73f6f6b059a5,K-7061,K-5187,K-5187,1
67d29bdc6a0c73f6f6b059a5,K-7061,K-6002,K-6002,1
67d29bdd6a0c73f6f6b059ac,K-7062,K-5755,K-5551,2
67d29bdd6a0c73f6f6b059ac,K-7062,K-568,K-568,1
67d29bde6a0c73f6f6b059b4,K-7063,K-6308,K-6308,1
67d29bde6a0c73f6f6b059b4,K-7063,K-06,K-06,1
67d29bde6a0c73f6f6b059b4,K-7063,K-52,K-52,1
67d29bef6a0c73f6f6b05a15,K-7246,K-6473,K-6473,1
67d29bef6a0c73f6f6b05a15,K-7246,K-141,K-141,1
67d29bf06a0c73f6f6b05a1c,K-7247,K-141,K-141,1
67d29bf06a0c73f6f6b05a1c,K-7247,K-5565,K-5564,2
67d29bf36a0c73f6f6b05a2d,K-7249,K-5774,K-5774,1
67d29bf36a0c73f6f6b05a2d,K-7249,K-5861,K-5861,1
67d29bf36a0c73f6f6b05a2d,K-7249,K-58,K-58,1
67d29c056a0c73f6f6b05aa2,K-7271,K-5224,K-5224,1
67d29c056a0c73f6f6b05aa2,K-7271,K-06,K-06,1
67d29c066a0c73f6f6b05aaa,K-7272,K-534,K-533,2
67d29c066a0c73f6f6b05aaa,K-7272,K-6902,K-1200,2
67d29c066a0c73f6f6b05aaa,K-7272,K-261,K-261,1
67d29c0d6a0c73f6f6b05ad7,K-7305,K-23,K-19,20
67d29c0d6a0c73f6f6b05ad7,K-7305,K-5002,K-5002,1
67d29a806a0c73f6f6b050a0,K-1027,K-403,K-402,2
67d29a806a0c73f6f6b050a0,K-1027,K-561,K-561,1
67d29a856a0c73f6f6b050b7,K-1054,K-388,K-388,1
67d29a856a0c73f6f6b050b7,K-1054,K-58,K-58,1
67d29a896a0c73f6f6b050c8,K-5692,K-382,K-382,1
67d29a896a0c73f6f6b050c8,K-5692,K-501,K-501,1
67d29a896a0c73f6f6b050c8,K-5692,K-6723,K-6723,1
67d29a9c6a0c73f6f6b05146,K-5958,K-105,K-105,1
67d29a9c6a0c73f6f6b05146,K-5958,K-46,K-46,1
67d29a9c6a0c73f6f6b05146,K-5958,K-59,K-59,1
67d29a9c6a0c73f6f6b05146,K-5958,K-204,K-204,1
67d29a9c6a0c73f6f6b05146,K-5958,K-442,K-442,1
67d29aa36a0c73f6f6b05167,K-1133,K-52,K-52,1
67d29aa36a0c73f6f6b05167,K-1133,K-58,K-58,1
67d29aa66a0c73f6f6b05179,K-5906,K-5810,K-5810,1
67d29aa66a0c73f6f6b05179,K-5906,K-165,K-165,1
67d29aa66a0c73f6f6b05179,K-5906,K-5908,K-5908,1
67d29aa66a0c73f6f6b05179,K-5906,K-5649,K-5649,1
67d29aa66a0c73f6f6b05179,K-5906,K-5907,K-5907,1
67d29aa66a0c73f6f6b05179,K-5906,K-5642,K-5327,10
67d29aa76a0c73f6f6b05185,K-5316,K-5645,K-5645,1
67d29aa76a0c73f6f6b05185,K-5316,K-217,K-217,1
67d29aa76a0c73f6f6b05185,K-5316,K-443,K-442,2
67d29aa96a0c73f6f6b0518d,K-5431,K-58,K-58,1
67d29aa96a0c73f6f6b0518d,K-5431,K-19,K-19,1
67d29aaa6a0c73f6f6b05198,K-5438,K-5309,K-5301,2
67d29aaa6a0c73f6f6b05198,K-5438,K-5080,K-5080,1
67d29aaa6a0c73f6f6b05198,K-5438,K-5303,K-5303,1
67d29aaa6a0c73f6f6b05198,K-5438,K-5302,K-5302,1
67d29aaa6a0c73f6f6b05198,K-5438,K-5301,K-5301,1
67d29aaa6a0c73f6f6b05198,K-5438,K-931,K-5311,10
67d29aae6a0c73f6f6b051b4,K-1040,K-130,K-130,1
67d29aae6a0c73f6f6b051b4,K-1040,K-217,K-217,1
67d29aae6a0c73f6f6b051b4,K-1040,K-443,K-442,2
67d29ab56a0c73f6f6b051d6,K-5693,K-24,K-24,1
67d29ab56a0c73f6f6b051d6,K-5693,K-336,K-336,1
67d29ab56a0c73f6f6b051d6,K-5693,K-30,K-30,1
67d29ab66a0c73f6f6b051df,K-5702,K-355,K-354,2
67d29ab66a0c73f6f6b051df,K-5702,K-141,K-141,1
67d29ab66a0c73f6f6b051df,K-5702,K-6023,K-6023,1
67d29ab76a0c73f6f6b051e8,K-5698,K-5709,K-5708,2
67d29ab76a0c73f6f6b051e8,K-5698,K-152,K-152,1
67d29ab76a0c73f6f6b051e8,K-5698,K-5227,K-5227,1
67d29abd6a0c73f6f6b05203,K-5519,K-40,K-40,1
67d29abd6a0c73f6f6b05203,K-5519,K-06,K-06,1
67d29abd6a0c73f6f6b05203,K-5519,K-30,K-30,1
67d29abe6a0c73f6f6b0520b,K-5340,K-24,K-24,1
67d29abe6a0c73f6f6b0520b,K-5340,K-58,K-58,1
67d29ac66a0c73f6f6b05239,K-5338,K-1131,K-39,2
67d29ac66a0c73f6f6b05239,K-5338,K-5857,K-5857,1
67d29ad46a0c73f6f6b05283,K-1119,K-39,K-39,1
67d29ad46a0c73f6f6b05283,K-1119,K-203,K-203,1
67d29ad86a0c73f6f6b052b4,G-471,K-166,K-166,1
67d29ad86a0c73f6f6b052b4,G-471,K-85,K-85,1
67d29ad86a0c73f6f6b052b4,G-471,K-5567,K-5567,1
67d29adb6a0c73f6f6b052c8,K-5189,K-5106,K-5106,1
67d29adb6a0c73f6f6b052c8,K-5189,K-5127,K-5127,1
67d29ae76a0c73f6f6b0532d,G-489,G-127,G-127,1
67d29ae76a0c73f6f6b0532d,G-489,G-239,G-239,1
67d29ae76a0c73f6f6b0532d,G-489,G-135,G-135,1
67d29af16a0c73f6f6b0536c,K-6285,K-6372,K-6372,1
67d29af16a0c73f6f6b0536c,K-6285,K-6130,K-6130,1
67d29af16a0c73f6f6b0536c,K-6285,K-6129,K-6129,1
67d29af46a0c73f6f6b05387,K-6065,K-09,K-09,1
67d29af46a0c73f6f6b05387,K-6065,K-6130,K-6130,1
67d29af46a0c73f6f6b05387,K-6065,K-6129,K-6129,1
67d29af76a0c73f6f6b05390,K-6132,K-09,K-09,1
67d29af76a0c73f6f6b05390,K-6132,K-6130,K-6130,1
67d29af76a0c73f6f6b05390,K-6132,K-6129,K-6129,1
67d29af96a0c73f6f6b053a1,K-60,K-5475,K-5475,1
67d29af96a0c73f6f6b053a1,K-60,K-59,K-59,1
67d29afd6a0c73f6f6b053b6,K-6397,K-5908,K-5908,1
67d29afd6a0c73f6f6b053b6,K-6397,K-6241,K-6241,1
67d29b056a0c73f6f6b053f3,K-6428,K-6432,K-6432,1
67d29b056a0c73f6f6b053f3,K-6428,K-5806,K-5806,1
67d29b096a0c73f6f6b05408,K-6431,K-6432,K-6432,1
67d29b096a0c73f6f6b05408,K-6431,K-5806,K-5806,1
67d29b0c6a0c73f6f6b05416,K-6443,K-5416,K-5416,1
67d29b0c6a0c73f6f6b05416,K-6443,K-416,K-416,1
67d29b0f6a0c73f6f6b05424,K-6445,K-5416,K-5416,1
67d29b0f6a0c73f6f6b05424,K-6445,K-416,K-416,1
67d29b106a0c73f6f6b0542b,K-6446,K-5545,K-5545,1
67d29b106a0c73f6f6b0542b,K-6446,K-5582,K-5582,1
67d29b166a0c73f6f6b05440,K-6449,K-5545,K-5545,1
67d29b166a0c73f6f6b05440,K-6449,K-5582,K-5582,1
67d29b176a0c73f6f6b05447,K-6450,K-6473,K-6473,1
67d29b176a0c73f6f6b05447,K-6450,K-6144,K-6144,1
67d29b196a0c73f6f6b0544e,K-6451,K-6473,K-6473,1
67d29b196a0c73f6f6b0544e,K-6451,K-6144,K-6144,1
67d29b1e6a0c73f6f6b0546a,K-6455,K-5280,K-5280,1
67d29b1e6a0c73f6f6b0546a,K-6455,K-5770,K-5770,1
67d29b236a0c73f6f6b0547f,K-6458,K-458,K-458,1
67d29b236a0c73f6f6b0547f,K-6458,K-252,K-252,1
67d29b286a0c73f6f6b0549b,K-6462,K-5564,K-5564,1
67d29b286a0c73f6f6b0549b,K-6462,K-6474,K-6474,1
67d29b296a0c73f6f6b054a2,K-6463,K-5564,K-5564,1
67d29b296a0c73f6f6b054a2,K-6463,K-6474,K-6474,1
67d29b306a0c73f6f6b054be,K-6467,K-5564,K-5564,1
67d29b306a0c73f6f6b054be,K-6467,K-5416,K-5416,1
67d29b326a0c73f6f6b054c5,K-6468,K-5564,K-5564,1
67d29b326a0c73f6f6b054c5,K-6468,K-5416,K-5416,1
67d29b366a0c73f6f6b054da,K-6486,K-65,K-65,1
67d29b366a0c73f6f6b054da,K-6486,K-409,K-409,1
67d29b386a0c73f6f6b054e8,K-6488,K-65,K-65,1
67d29b386a0c73f6f6b054e8,K-6488,K-409,K-409,1
67d29b446a0c73f6f6b05550,K-6592,K-06,K-06,1
67d29b446a0c73f6f6b05550,K-6592,K-5645,K-5645,1
67d29b446a0c73f6f6b05550,K-6592,K-19,K-19,1
67d29b456a0c73f6f6b05559,K-6593,K-69,K-69,1
67d29b456a0c73f6f6b05559,K-6593,K-109,K-109,1
67d29b456a0c73f6f6b05559,K-6593,K-85,K-85,1
67d29b466a0c73f6f6b05565,K-6624,G-05,G-05,1
67d29b466a0c73f6f6b05565,K-6624,G-14,G-14,1
67d29b466a0c73f6f6b05565,K-6624,G-16,G-16,1
67d29b466a0c73f6f6b05565,K-6624,G-18,G-18,1
67d29b466a0c73f6f6b05565,K-6624,G-20,G-20,1
67d29b466a0c73f6f6b05565,K-6624,G-22,G-22,1
67d29b536a0c73f6f6b055bc,K-6599,K-02,K-6358,2
67d29b536a0c73f6f6b055bc,K-6599,G-21,G-21,1
67d29b536a0c73f6f6b055bc,K-6599,K-6241,K-6241,1
67d29b596a0c73f6f6b055de,K-6663,G-104,G-104,1
67d29b596a0c73f6f6b055de,K-6663,K-1134,K-1134,1
67d29b596a0c73f6f6b055de,K-6663,K-5422,K-5422,1
67d29b626a0c73f6f6b05626,K-6658,K-165,K-165,1
67d29b626a0c73f6f6b05626,K-6658,K-975,K-975,1
67d29b626a0c73f6f6b05626,K-6658,K-6372,K-6372,1
67d29b666a0c73f6f6b05641,K-6657,K-6372,K-6372,1
67d29b666a0c73f6f6b05641,K-6657,K-6664,K-6664,1
67d29b666a0c73f6f6b05641,K-6657,G-192,G-192,1
67d29b676a0c73f6f6b0564d,K-6665,K-1194,K-1194,1
67d29b676a0c73f6f6b0564d,K-6665,K-5405,K-5405,1
67d29b676a0c73f6f6b0564d,K-6665,K-1107,K-1107,1
67d29b676a0c73f6f6b0564d,K-6665,K-6668,K-6668,1
67d29b676a0c73f6f6b0564d,K-6665,K-5662,K-5660,5
67d29b676a0c73f6f6b0564d,K-6665,K-6669,K-6669,1
67d29b686a0c73f6f6b0565a,K-6675,K-5645,K-5645,1
67d29b686a0c73f6f6b0565a,K-6675,K-06,K-06,1
67d29b686a0c73f6f6b0565a,K-6675,K-52,K-52,1
67d29b686a0c73f6f6b0565a,K-6675,K-6227,K-6227,1
67d29b6c6a0c73f6f6b0567c,K-6682,G-101,G-101,1
67d29b6c6a0c73f6f6b0567c,K-6682,G-121,G-121,1
67d29b6c6a0c73f6f6b0567c,K-6682,G-239,G-239,1
67d29b6c6a0c73f6f6b0567c,K-6682,G-18,G-18,1
67d29b6c6a0c73f6f6b0567c,K-6682,G-255,G-255,1
67d29b6d6a0c73f6f6b05687,G-485,K-909,K-5836,5
67d29b6d6a0c73f6f6b05687,G-485,K-893,K-6813,5
67d29b6d6a0c73f6f6b05687,G-485,K-924,K-7238,10
67d29b6e6a0c73f6f6b0568f,K-6790,K-6788,K-5754,2
67d29b6e6a0c73f6f6b0568f,K-6790,K-6241,K-6241,1
67d29b746a0c73f6f6b056ae,K-6834,K-5616,K-5616,1
67d29b746a0c73f6f6b056ae,K-6834,K-5564,K-5564,1
67d29b746a0c73f6f6b056ae,K-6834,K-06,K-06,1
67d29b776a0c73f6f6b056c0,K-6836,K-6473,K-6473,1
67d29b776a0c73f6f6b056c0,K-6836,K-5565,K-5564,2
67d29b776a0c73f6f6b056c0,K-6836,K-6723,K-6723,1
67d29b7b6a0c73f6f6b056db,K-6839,K-6041,K-6040,2
67d29b7b6a0c73f6f6b056db,K-6839,K-442,K-442,1
67d29b7b6a0c73f6f6b056db,K-6839,K-06,K-06,1
67d29b866a0c73f6f6b05719,K-6860,K-6893,K-5142,2
67d29b866a0c73f6f6b05719,K-6860,K-5680,K-5680,1
67d29b866a0c73f6f6b05719,K-6860,K-5592,K-5592,1
67d29b866a0c73f6f6b05719,K-6860,K-1171,K-06,2
67d29b896a0c73f6f6b05730,K-6862,K-6892,K-5405,2
67d29b896a0c73f6f6b05730,K-6862,K-6893,K-5142,2
67d29b896a0c73f6f6b05730,K-6862,K-5680,K-5680,1
67d29b896a0c73f6f6b05730,K-6862,K-5592,K-5592,1
67d29b896a0c73f6f6b05730,K-6862,K-1171,K-06,2
67d29b8d6a0c73f6f6b05757,K-6865,K-6892,K-5405,2
67d29b8d6a0c73f6f6b05757,K-6865,K-6893,K-5142,2
67d29b8d6a0c73f6f6b05757,K-6865,K-5680,K-5680,1
67d29b8d6a0c73f6f6b05757,K-6865,K-5592,K-5592,1
67d29b8d6a0c73f6f6b05757,K-6865,K-1171,K-06,2
67d29b926a0c73f6f6b05783,K-6868,K-6892,K-5405,2
67d29b926a0c73f6f6b05783,K-6868,K-6893,K-5142,2
67d29b926a0c73f6f6b05783,K-6868,K-5680,K-5680,1
67d29b926a0c73f6f6b05783,K-6868,K-5592,K-5592,1
67d29b926a0c73f6f6b05783,K-6868,K-1171,K-06,2
67d29b926a0c73f6f6b05783,K-6868,K-6891,K-6389,5
67d29b946a0c73f6f6b05791,K-6869,K-6892,K-5405,2
67d29b946a0c73f6f6b05791,K-6869,K-6893,K-5142,2
67d29b946a0c73f6f6b05791,K-6869,K-5680,K-5680,1
67d29b946a0c73f6f6b05791,K-6869,K-5592,K-5592,1
67d29b946a0c73f6f6b05791,K-6869,K-1171,K-06,2
67d29ba66a0c73f6f6b05847,K-6882,K-6896,K-458,2
67d29ba66a0c73f6f6b05847,K-6882,K-5567,K-5567,1
67d29ba66a0c73f6f6b05847,K-6882,K-6897,K-252,2
67d29ba66a0c73f6f6b05847,K-6882,K-5475,K-5475,1
67d29bac6a0c73f6f6b0587d,K-6886,K-6895,K-105,2
67d29bac6a0c73f6f6b0587d,K-6886,K-6896,K-458,2
67d29bac6a0c73f6f6b0587d,K-6886,K-5567,K-5567,1
67d29bac6a0c73f6f6b0587d,K-6886,K-6897,K-252,2
67d29bac6a0c73f6f6b0587d,K-6886,K-5475,K-5475,1
67d29bac6a0c73f6f6b0587d,K-6886,K-6900,K-93,2
67d29bae6a0c73f6f6b0588d,K-6887,K-6895,K-105,2
67d29bae6a0c73f6f6b0588d,K-6887,K-6896,K-458,2
67d29bae6a0c73f6f6b0588d,K-6887,K-5567,K-5567,1
67d29bae6a0c73f6f6b0588d,K-6887,K-6897,K-252,2
67d29bae6a0c73f6f6b0588d,K-6887,K-5475,K-5475,1
67d29bae6a0c73f6f6b0588d,K-6887,K-1171,K-06,2
67d29bae6a0c73f6f6b0588d,K-6887,K-6898,K-5676,2
67d29bb46a0c73f6f6b058cd,K-6982,K-344,K-344,1
67d29bb46a0c73f6f6b058cd,K-6982,K-540,K-540,1
67d29bb46a0c73f6f6b058cd,K-6982,K-24,K-24,1
67d29bb86a0c73f6f6b058e7,K-6994,K-6144,K-6144,1
67d29bb86a0c73f6f6b058e7,K-6994,K-30,K-30,1
67d29bbc6a0c73f6f6b058fe,K-6986,K-5803,K-5803,1
67d29bbc6a0c73f6f6b058fe,K-6986,K-06,K-06,1
67d29bc16a0c73f6f6b0591c,K-7009,K-5803,K-5803,1
67d29bc16a0c73f6f6b0591c,K-7009,K-152,K-152,1
67d29bc26a0c73f6f6b05923,K-7010,K-5803,K-5803,1
67d29bc26a0c73f6f6b05923,K-7010,K-152,K-152,1
67d29bc56a0c73f6f6b05931,K-7012,K-52,K-52,1
67d29bc56a0c73f6f6b05931,K-7012,K-06,K-06,1
67d29bc76a0c73f6f6b0593f,K-7014,K-6227,K-6227,1
67d29bc76a0c73f6f6b0593f,K-7014,K-06,K-06,1
67d29bc96a0c73f6f6b05946,K-7043,K-24,K-24,1
67d29bc96a0c73f6f6b05946,K-7043,K-986,K-986,1
67d29bca6a0c73f6f6b0594d,K-7044,K-6054,K-24,2
67d29bca6a0c73f6f6b0594d,K-7044,K-986,K-986,1
67d29bcd6a0c73f6f6b0595d,K-7047,K-317,K-317,1
67d29bcd6a0c73f6f6b0595d,K-7047,K-65,K-65,1
67d29bd86a0c73f6f6b05990,K-7058,K-5187,K-5187,1
67d29bd86a0c73f6f6b05990,K-7058,K-6002,K-6002,1
67d29be06a0c73f6f6b059bc,K-7191,K-577,K-577,1
67d29be06a0c73f6f6b059bc,K-7191,K-65,K-65,1
67d29be76a0c73f6f6b059e3,K-7199,K-6227,K-6227,1
67d29be76a0c73f6f6b059e3,K-7199,K-141,K-141,1
67d29bea6a0c73f6f6b059f2,K-7201,K-1266,K-1266,1
67d29bea6a0c73f6f6b059f2,K-7201,K-176,K-176,1
67d29bea6a0c73f6f6b059f2,K-7201,K-577,K-577,1
67d29bed6a0c73f6f6b05a0d,K-7245,K-1266,K-1266,1
67d29bed6a0c73f6f6b05a0d,K-7245,K-176,K-176,1
67d29bed6a0c73f6f6b05a0d,K-7245,K-06,K-06,1
67d29bf16a0c73f6f6b05a24,K-7248,K-6041,K-6040,2
67d29bf16a0c73f6f6b05a24,K-7248,K-5565,K-5564,2
67d29bf16a0c73f6f6b05a24,K-7248,K-58,K-58,1
67d29bf46a0c73f6f6b05a36,K-7250,K-5224,K-5224,1
67d29bf46a0c73f6f6b05a36,K-7250,K-141,K-141,1
67d29bf46a0c73f6f6b05a36,K-7250,K-06,K-06,1
67d29bf76a0c73f6f6b05a46,K-7252,K-569,K-568,2
67d29bf76a0c73f6f6b05a46,K-7252,K-130,K-130,1
67d29bf76a0c73f6f6b05a46,K-7252,K-31,K-31,1
67d29bf86a0c73f6f6b05a4f,K-7253,K-389,K-388,2
67d29bf86a0c73f6f6b05a4f,K-7253,K-130,K-130,1
67d29bf86a0c73f6f6b05a4f,K-7253,K-31,K-31,1
67d29bfd6a0c73f6f6b05a6d,K-7257,K-5206,K-5206,1
67d29bfd6a0c73f6f6b05a6d,K-7257,K-1395,K-1395,1
67d29bfd6a0c73f6f6b05a6d,K-7257,K-6152,K-5027,2
67d29bfd6a0c73f6f6b05a6d,K-7257,K-6234,K-6234,1
67d29c0c6a0c73f6f6b05ad0,K-7304,K-22,K-19,10
67d29c0c6a0c73f6f6b05ad0,K-7304,K-5002,K-5002,1
67d29a8b6a0c73f6f6b050d1,K-5691,K-6567,K-256,2
67d29a8b6a0c73f6f6b050d1,K-5691,K-1150,K-1150,1
67d29a8b6a0c73f6f6b050d1,K-5691,K-577,K-577,1
67d29a8c6a0c73f6f6b050d9,K-5696,K-6567,K-256,2
67d29a8c6a0c73f6f6b050d9,K-5696,K-5008,K-5007,2
67d29a8e6a0c73f6f6b050e1,K-5699,K-409,K-409,1
67d29a8e6a0c73f6f6b050e1,K-5699,K-489,K-489,1
67d29a8e6a0c73f6f6b050e1,K-5699,K-5835,K-5835,1
67d29a916a0c73f6f6b050f5,K-5706,K-5680,K-5680,1
67d29a916a0c73f6f6b050f5,K-5706,K-5644,K-5644,1
67d29a916a0c73f6f6b050f5,K-5706,K-561,K-561,1
67d29a916a0c73f6f6b050f5,K-5706,K-560,K-560,1
67d29a916a0c73f6f6b050f5,K-5706,K-5891,K-5327,3
67d29a966a0c73f6f6b05111,K-5950,K-5462,K-5461,2
67d29a966a0c73f6f6b05111,K-5950,K-204,K-204,1
67d29a976a0c73f6f6b05118,K-5951,K-403,K-402,2
67d29a976a0c73f6f6b05118,K-5951,K-204,K-204,1
67d29a996a0c73f6f6b05124,K-5955,K-105,K-105,1
67d29a996a0c73f6f6b05124,K-5955,K-6358,K-6358,1
67d29a996a0c73f6f6b05124,K-5955,K-5567,K-5567,1
67d29a996a0c73f6f6b05124,K-5955,K-166,K-166,1
67d29a996a0c73f6f6b05124,K-5955,K-06,K-06,1
67d29a996a0c73f6f6b05124,K-5955,K-256,K-256,1
67d29a996a0c73f6f6b05124,K-5955,K-470,K-470,1
67d29a9e6a0c73f6f6b05157,K-5964,K-495,K-495,1
67d29a9e6a0c73f6f6b05157,K-5964,K-416,K-416,1
67d29aa06a0c73f6f6b0515f,K-5987,K-6401,K-5551,5
67d29aa06a0c73f6f6b0515f,K-5987,K-137,K-137,1
67d29aa06a0c73f6f6b0515f,K-5987,K-6402,K-5224,2
67d29ab16a0c73f6f6b051c5,K-5758,K-58,K-58,1
67d29ab16a0c73f6f6b051c5,K-5758,K-6372,K-6372,1
67d29ab36a0c73f6f6b051cd,K-5695,K-5577,K-5577,1
67d29ab36a0c73f6f6b051cd,K-5695,K-5568,K-5568,1
67d29ab36a0c73f6f6b051cd,K-5695,K-5462,K-5461,2
67d29ac36a0c73f6f6b05224,K-5944,K-5151,K-5151,1
67d29ac36a0c73f6f6b05224,K-5944,K-442,K-442,1
67d29ac96a0c73f6f6b05247,K-5453,K-69,K-69,1
67d29ac96a0c73f6f6b05247,K-5453,K-58,K-58,1
67d29ad76a0c73f6f6b0529b,G-461,G-685,G-685,1
67d29ad76a0c73f6f6b0529b,G-461,G-686,G-686,1
67d29ad76a0c73f6f6b0529b,G-461,G-687,G-687,1
67d29ad76a0c73f6f6b0529b,G-461,G-688,G-688,1
67d29ad76a0c73f6f6b0529b,G-461,G-689,G-689,1
67d29ad76a0c73f6f6b0529b,G-461,G-690,G-690,1
67d29ad76a0c73f6f6b0529b,G-461,G-691,G-691,1
67d29ad76a0c73f6f6b0529b,G-461,G-692,G-692,1
67d29ad76a0c73f6f6b0529b,G-461,G-693,G-693,1
67d29ad76a0c73f6f6b0529b,G-461,G-694,G-694,1
67d29ad76a0c73f6f6b0529b,G-461,G-695,G-695,1
67d29ad76a0c73f6f6b0529b,G-461,G-696,G-696,1
67d29ad76a0c73f6f6b0529b,G-461,G-697,G-697,1
67d29ad76a0c73f6f6b0529b,G-461,G-698,G-698,1
67d29ad76a0c73f6f6b0529b,G-461,G-699,G-699,1
67d29ad76a0c73f6f6b0529b,G-461,G-700,G-700,1
67d29ad76a0c73f6f6b0529b,G-461,G-701,G-701,1
67d29ad76a0c73f6f6b0529b,G-461,G-702,G-702,1
67d29ad76a0c73f6f6b0529b,G-461,G-703,G-703,1
67d29adc6a0c73f6f6b052cf,K-6131,K-6129,K-6129,1
67d29adc6a0c73f6f6b052cf,K-6131,K-6130,K-6130,1
67d29adf6a0c73f6f6b052ed,K-934,K-1328,K-1328,1
67d29adf6a0c73f6f6b052ed,K-934,K-1329,K-1329,1
67d29ae06a0c73f6f6b052f4,K-935,K-1326,K-1326,1
67d29ae06a0c73f6f6b052f4,K-935,K-1327,K-1327,1
67d29ae16a0c73f6f6b052ff,K-932,K-869,K-869,1
67d29ae16a0c73f6f6b052ff,K-932,K-5080,K-5080,1
67d29ae16a0c73f6f6b052ff,K-932,K-5303,K-5303,1
67d29ae16a0c73f6f6b052ff,K-932,K-5302,K-5302,1
67d29ae16a0c73f6f6b052ff,K-932,K-5301,K-5301,1
67d29ae16a0c73f6f6b052ff,K-932,K-5311,K-5311,1
67d29ae56a0c73f6f6b0531b,G-487,G-113,G-113,1
67d29ae56a0c73f6f6b0531b,G-487,G-115,G-115,1
67d29ae56a0c73f6f6b0531b,G-487,G-129,G-129,1
67d29ae66a0c73f6f6b05324,G-488,G-142,G-142,1
67d29ae66a0c73f6f6b05324,G-488,G-125,G-125,1
67d29ae66a0c73f6f6b05324,G-488,G-163,G-163,1
67d29aea6a0c73f6f6b05337,G-490,G-123,G-123,1
67d29aea6a0c73f6f6b05337,G-490,G-131,G-131,1
67d29aea6a0c73f6f6b05337,G-490,G-177,G-177,1
67d29aea6a0c73f6f6b05337,G-490,G-195,G-195,1
67d29aec6a0c73f6f6b05348,G-504,K-5658,K-5658,1
67d29aec6a0c73f6f6b05348,G-504,K-1194,K-1194,1
67d29aec6a0c73f6f6b05348,G-504,G-19,G-19,1
67d29aed6a0c73f6f6b05351,K-6425,K-1157,K-1157,1
67d29aed6a0c73f6f6b05351,K-6425,K-6130,K-6130,1
67d29aed6a0c73f6f6b05351,K-6425,K-6129,K-6129,1
67d29af36a0c73f6f6b0537e,K-6287,K-6372,K-6372,1
67d29af36a0c73f6f6b0537e,K-6287,K-6130,K-6130,1
67d29af36a0c73f6f6b0537e,K-6287,K-6129,K-6129,1
67d29afb6a0c73f6f6b053a8,K-6395,K-24,K-24,1
67d29afb6a0c73f6f6b053a8,K-6395,K-6372,K-6372,1
67d29b006a0c73f6f6b053bd,K-6398,K-65,K-65,1
67d29b006a0c73f6f6b053bd,K-6398,K-06,K-06,1
67d29b026a0c73f6f6b053c4,K-6399,K-6227,K-6227,1
67d29b026a0c73f6f6b053c4,K-6399,K-5908,K-5908,1
67d29b036a0c73f6f6b053d0,K-6313,K-40,K-40,1
67d29b036a0c73f6f6b053d0,K-6313,K-5908,K-5908,1
67d29b036a0c73f6f6b053d0,K-6313,K-975,K-975,1
67d29b036a0c73f6f6b053d0,K-6313,K-5649,K-5649,1
67d29b036a0c73f6f6b053d0,K-6313,K-6558,K-6558,1
67d29b036a0c73f6f6b053d0,K-6313,K-5907,K-5907,1
67d29b036a0c73f6f6b053d0,K-6313,K-5723,K-5723,1
67d29b046a0c73f6f6b053e4,K-6411,K-6292,K-5831,3
67d29b046a0c73f6f6b053e4,K-6411,K-85,K-85,1
67d29b046a0c73f6f6b053e4,K-6411,K-24,K-24,1
67d29b046a0c73f6f6b053e4,K-6411,K-51,K-51,1
67d29b046a0c73f6f6b053e4,K-6411,K-6407,K-141,2
67d29b046a0c73f6f6b053e4,K-6411,K-165,K-165,1
67d29b046a0c73f6f6b053e4,K-6411,K-975,K-975,1
67d29b046a0c73f6f6b053e4,K-6411,K-158,K-158,1
67d29b046a0c73f6f6b053e4,K-6411,K-152,K-152,1
67d29b046a0c73f6f6b053e4,K-6411,K-5327,K-5327,1
67d29b156a0c73f6f6b05439,K-6448,K-5545,K-5545,1
67d29b156a0c73f6f6b05439,K-6448,K-5582,K-5582,1
67d29b206a0c73f6f6b05471,K-6456,K-5280,K-5280,1
67d29b206a0c73f6f6b05471,K-6456,K-5770,K-5770,1
67d29b256a0c73f6f6b0548d,K-6460,K-458,K-458,1
67d29b256a0c73f6f6b0548d,K-6460,K-252,K-252,1
67d29b2e6a0c73f6f6b054b0,K-6465,K-5564,K-5564,1
67d29b2e6a0c73f6f6b054b0,K-6465,K-6474,K-6474,1
67d29b376a0c73f6f6b054e1,K-6487,K-65,K-65,1
67d29b376a0c73f6f6b054e1,K-6487,K-409,K-409,1
67d29b3c6a0c73f6f6b0551a,K-6586,K-6581,K-6581,1
67d29b3c6a0c73f6f6b0551a,K-6586,K-5002,K-5002,1
67d29b3c6a0c73f6f6b0551a,K-6586,K-6129,K-6129,1
67d29b426a0c73f6f6b05547,K-6591,K-5831,K-5831,1
67d29b426a0c73f6f6b05547,K-6591,K-5224,K-5224,1
67d29b426a0c73f6f6b05547,K-6591,K-6054,K-24,2
67d29b476a0c73f6f6b05570,K-6625,K-982,K-982,1
67d29b476a0c73f6f6b05570,K-6625,K-984,K-984,1
67d29b4a6a0c73f6f6b0557e,K-6627,K-39,K-39,1
67d29b4a6a0c73f6f6b0557e,K-6627,K-58,K-58,1
67d29b4b6a0c73f6f6b05588,K-6628,G-264,G-264,1
67d29b4b6a0c73f6f6b05588,K-6628,K-06,K-06,1
67d29b4b6a0c73f6f6b05588,K-6628,K-02,K-6358,2
67d29b4b6a0c73f6f6b05588,K-6628,K-1176,K-1176,1
67d29b4b6a0c73f6f6b05588,K-6628,K-5830,K-5830,1
67d29b4e6a0c73f6f6b05599,K-6630,K-5531,K-5531,1
67d29b4e6a0c73f6f6b05599,K-6630,K-870,K-5080,3
67d29b5c6a0c73f6f6b055f5,K-6650,K-1134,K-1134,1
67d29b5c6a0c73f6f6b055f5,K-6650,K-59,K-59,1
67d29b5c6a0c73f6f6b055f5,K-6650,K-6662,K-6662,1
67d29b5f6a0c73f6f6b05612,K-6653,K-6659,K-6659,1
67d29b5f6a0c73f6f6b05612,K-6653,K-219,K-219,1
67d29b5f6a0c73f6f6b05612,K-6653,K-409,K-409,1
67d29b656a0c73f6f6b05638,K-6656,K-5626,K-5626,1
67d29b656a0c73f6f6b05638,K-6656,K-6659,K-6659,1
67d29b656a0c73f6f6b05638,K-6656,K-409,K-409,1
67d29b696a0c73f6f6b05665,K-6676,K-5645,K-5645,1
67d29b696a0c73f6f6b05665,K-6676,K-06,K-06,1
67d29b696a0c73f6f6b05665,K-6676,K-52,K-52,1
67d29b696a0c73f6f6b05665,K-6676,K-6227,K-6227,1
67d29b6b6a0c73f6f6b05670,K-6677,K-5645,K-5645,1
67d29b6b6a0c73f6f6b05670,K-6677,K-06,K-06,1
67d29b6b6a0c73f6f6b05670,K-6677,K-52,K-52,1
67d29b6b6a0c73f6f6b05670,K-6677,K-6227,K-6227,1
67d29b716a0c73f6f6b0569d,K-6832,K-181,K-181,1
67d29b716a0c73f6f6b0569d,K-6832,K-141,K-141,1
67d29b756a0c73f6f6b056b7,K-6835,K-130,K-130,1
67d29b756a0c73f6f6b056b7,K-6835,K-152,K-152,1
67d29b756a0c73f6f6b056b7,K-6835,K-5007,K-5007,1
67d29b7d6a0c73f6f6b056e4,K-6840,K-256,K-256,1
67d29b7d6a0c73f6f6b056e4,K-6840,K-240,K-240,1
67d29b7d6a0c73f6f6b056e4,K-6840,K-30,K-30,1
67d29b7f6a0c73f6f6b056f0,K-6842,K-6620,K-5687,5
67d29b7f6a0c73f6f6b056f0,K-6842,K-6040,K-6040,1
67d29b7f6a0c73f6f6b056f0,K-6842,K-6723,K-6723,1
67d29b826a0c73f6f6b05702,K-6844,K-65,K-65,1
67d29b826a0c73f6f6b05702,K-6844,K-6227,K-6227,1
67d29b826a0c73f6f6b05702,K-6844,K-06,K-06,1
67d29ba06a0c73f6f6b057fe,K-6877,K-6892,K-5405,2
67d29ba06a0c73f6f6b057fe,K-6877,K-6893,K-5142,2
67d29ba06a0c73f6f6b057fe,K-6877,K-5680,K-5680,1
67d29ba06a0c73f6f6b057fe,K-6877,K-6894,K-5163,2
67d29ba06a0c73f6f6b057fe,K-6877,K-6902,K-1200,2
67d29ba06a0c73f6f6b057fe,K-6877,K-6898,K-5676,2
67d29ba46a0c73f6f6b0582b,K-6880,K-6892,K-5405,2
67d29ba46a0c73f6f6b0582b,K-6880,K-6893,K-5142,2
67d29ba46a0c73f6f6b0582b,K-6880,K-5680,K-5680,1
67d29ba46a0c73f6f6b0582b,K-6880,K-6894,K-5163,2
67d29ba46a0c73f6f6b0582b,K-6880,K-6902,K-1200,2
67d29ba46a0c73f6f6b0582b,K-6880,K-6901,K-97,2
67d29ba86a0c73f6f6b05852,K-6883,K-6896,K-458,2
67d29ba86a0c73f6f6b05852,K-6883,K-5567,K-5567,1
67d29ba86a0c73f6f6b05852,K-6883,K-6897,K-252,2
67d29ba86a0c73f6f6b05852,K-6883,K-5475,K-5475,1
67d29bab6a0c73f6f6b0586e,K-6885,K-6895,K-105,2
67d29bab6a0c73f6f6b0586e,K-6885,K-6896,K-458,2
67d29bab6a0c73f6f6b0586e,K-6885,K-5567,K-5567,1
67d29bab6a0c73f6f6b0586e,K-6885,K-6897,K-252,2
67d29bab6a0c73f6f6b0586e,K-6885,K-5475,K-5475,1
67d29bab6a0c73f6f6b0586e,K-6885,K-6900,K-93,2
67d29bb66a0c73f6f6b058d6,K-6983,K-40,K-40,1
67d29bb66a0c73f6f6b058d6,K-6983,K-06,K-06,1
67d29bb66a0c73f6f6b058d6,K-6983,K-5645,K-5645,1
67d29bbd6a0c73f6f6b05906,K-6987,K-1266,K-1266,1
67d29bbd6a0c73f6f6b05906,K-6987,K-489,K-489,1
67d29bbd6a0c73f6f6b05906,K-6987,K-30,K-30,1
67d29bc06a0c73f6f6b05915,K-6997,K-52,K-52,1
67d29bc06a0c73f6f6b05915,K-6997,K-06,K-06,1
67d29bcc6a0c73f6f6b05955,K-7046,K-6041,K-6040,2
67d29bcc6a0c73f6f6b05955,K-7046,K-489,K-489,1
67d29bcc6a0c73f6f6b05955,K-7046,K-141,K-141,1
67d29bcf6a0c73f6f6b05964,K-7048,K-317,K-317,1
67d29bcf6a0c73f6f6b05964,K-7048,K-58,K-58,1
67d29bd16a0c73f6f6b0596b,K-7049,K-402,K-402,1
67d29bd16a0c73f6f6b0596b,K-7049,K-65,K-65,1
67d29bd36a0c73f6f6b0597b,K-7051,K-577,K-577,1
67d29bd36a0c73f6f6b0597b,K-7051,K-6723,K-6723,1
67d29bd96a0c73f6f6b05997,K-7059,K-5187,K-5187,1
67d29bd96a0c73f6f6b05997,K-7059,K-6002,K-6002,1
67d29be16a0c73f6f6b059c3,K-7192,K-6241,K-6241,1
67d29be16a0c73f6f6b059c3,K-7192,K-65,K-65,1
67d29be46a0c73f6f6b059d2,K-7196,K-58,K-58,1
67d29be46a0c73f6f6b059d2,K-7196,K-06,K-06,1
67d29be46a0c73f6f6b059d2,K-7196,K-6689,K-5821,2
67d29a826a0c73f6f6b050a7,K-5968,K-6274,K-6274,1
67d29a826a0c73f6f6b050a7,K-5968,K-158,K-158,1
67d29a946a0c73f6f6b0510a,K-5942,K-5567,K-5567,1
67d29a946a0c73f6f6b0510a,K-5942,K-24,K-24,1
67d29a9a6a0c73f6f6b05136,K-5956,K-105,K-105,1
67d29a9a6a0c73f6f6b05136,K-5956,K-986,K-986,1
67d29a9a6a0c73f6f6b05136,K-5956,K-5567,K-5567,1
67d29a9a6a0c73f6f6b05136,K-5956,K-141,K-141,1
67d29a9a6a0c73f6f6b05136,K-5956,K-06,K-06,1
67d29a9a6a0c73f6f6b05136,K-5956,K-19,K-19,1
67d29a9a6a0c73f6f6b05136,K-5956,K-256,K-256,1
67d29a9a6a0c73f6f6b05136,K-5956,K-470,K-470,1
67d29a9d6a0c73f6f6b05150,K-5954,K-5754,K-5754,1
67d29a9d6a0c73f6f6b05150,K-5954,K-5475,K-5475,1
67d29aab6a0c73f6f6b051a4,K-1045,K-52,K-52,1
67d29aab6a0c73f6f6b051a4,K-1045,K-388,K-388,1
67d29aab6a0c73f6f6b051a4,K-1045,K-482,K-482,1
67d29aaf6a0c73f6f6b051bd,K-5756,K-5791,K-5791,1
67d29aaf6a0c73f6f6b051bd,K-5756,K-533,K-533,1
67d29aaf6a0c73f6f6b051bd,K-5756,K-5541,K-5688,3
67d29ab96a0c73f6f6b051f1,K-5700,K-06,K-06,1
67d29ab96a0c73f6f6b051f1,K-5700,K-939,K-939,1
67d29ab96a0c73f6f6b051f1,K-5700,K-59,K-59,1
67d29ac56a0c73f6f6b05232,K-5343,K-40,K-40,1
67d29ac56a0c73f6f6b05232,K-5343,K-52,K-52,1
67d29acb6a0c73f6f6b0524e,K-5344,K-166,K-166,1
67d29acb6a0c73f6f6b0524e,K-5344,K-06,K-06,1
67d29acf6a0c73f6f6b05267,K-5346,K-52,K-52,1
67d29acf6a0c73f6f6b05267,K-5346,K-65,K-65,1
67d29ad16a0c73f6f6b0526e,K-5962,K-5120,K-5120,1
67d29ad16a0c73f6f6b0526e,K-5962,K-5119,K-5119,1
67d29ad36a0c73f6f6b0527c,K-6060,K-5708,K-5708,1
67d29ad36a0c73f6f6b0527c,K-6060,K-5565,K-5564,2
67d29ad96a0c73f6f6b052bd,G-477,K-409,K-409,1
67d29ad96a0c73f6f6b052bd,G-477,K-217,K-217,1
67d29ad96a0c73f6f6b052bd,G-477,K-19,K-19,1
67d29ade6a0c73f6f6b052de,K-933,K-865,K-865,1
67d29ade6a0c73f6f6b052de,K-933,K-867,K-867,1
67d29ade6a0c73f6f6b052de,K-933,K-869,K-869,1
67d29ade6a0c73f6f6b052de,K-933,K-5080,K-5080,1
67d29ade6a0c73f6f6b052de,K-933,K-871,K-871,1
67d29ade6a0c73f6f6b052de,K-933,K-5302,K-5302,1
67d29ade6a0c73f6f6b052de,K-933,K-5305,K-5305,1
67d29ade6a0c73f6f6b052de,K-933,K-5303,K-5303,1
67d29ade6a0c73f6f6b052de,K-933,K-5301,K-5301,1
67d29ade6a0c73f6f6b052de,K-933,K-5311,K-5311,1
67d29ae46a0c73f6f6b05312,G-486,K-5567,K-5567,1
67d29ae46a0c73f6f6b05312,G-486,K-986,K-986,1
67d29ae46a0c73f6f6b05312,G-486,K-58,K-58,1
67d29aee6a0c73f6f6b0535a,K-6094,K-6372,K-6372,1
67d29aee6a0c73f6f6b0535a,K-6094,K-6130,K-6130,1
67d29aee6a0c73f6f6b0535a,K-6094,K-6129,K-6129,1
67d29af06a0c73f6f6b05363,K-6284,K-6372,K-6372,1
67d29af06a0c73f6f6b05363,K-6284,K-6130,K-6130,1
67d29af06a0c73f6f6b05363,K-6284,K-6129,K-6129,1
67d29af26a0c73f6f6b05375,K-6286,K-6372,K-6372,1
67d29af26a0c73f6f6b05375,K-6286,K-6130,K-6130,1
67d29af26a0c73f6f6b05375,K-6286,K-6129,K-6129,1
67d29af86a0c73f6f6b05399,K-1071,K-09,K-09,1
67d29af86a0c73f6f6b05399,K-1071,K-6130,K-6130,1
67d29af86a0c73f6f6b05399,K-1071,K-6129,K-6129,1
67d29afc6a0c73f6f6b053af,K-6396,K-40,K-40,1
67d29afc6a0c73f6f6b053af,K-6396,K-52,K-52,1
67d29b076a0c73f6f6b053fa,K-6429,K-6432,K-6432,1
67d29b076a0c73f6f6b053fa,K-6429,K-5806,K-5806,1
67d29b0b6a0c73f6f6b0540f,K-6442,K-5416,K-5416,1
67d29b0b6a0c73f6f6b0540f,K-6442,K-416,K-416,1
67d29b1a6a0c73f6f6b05455,K-6452,K-6473,K-6473,1
67d29b1a6a0c73f6f6b05455,K-6452,K-6144,K-6144,1
67d29b1c6a0c73f6f6b0545c,K-6453,K-6473,K-6473,1
67d29b1c6a0c73f6f6b0545c,K-6453,K-6144,K-6144,1
67d29b246a0c73f6f6b05486,K-6459,K-458,K-458,1
67d29b246a0c73f6f6b05486,K-6459,K-252,K-252,1
67d29b3b6a0c73f6f6b05511,K-6580,K-6581,K-6581,1
67d29b3b6a0c73f6f6b05511,K-6580,K-5002,K-5002,1
67d29b3b6a0c73f6f6b05511,K-6580,K-6129,K-6129,1
67d29b416a0c73f6f6b0553e,K-6590,K-14,K-14,1
67d29b416a0c73f6f6b0553e,K-6590,K-5645,K-5645,1
67d29b416a0c73f6f6b0553e,K-6590,K-02,K-6358,2
67d29b486a0c73f6f6b05577,K-6626,K-983,K-982,2
67d29b486a0c73f6f6b05577,K-6626,K-985,K-984,2
67d29b526a0c73f6f6b055b3,K-6598,K-24,K-24,1
67d29b526a0c73f6f6b055b3,K-6598,G-14,G-14,1
67d29b526a0c73f6f6b055b3,K-6598,K-5831,K-5831,1
67d29b546a0c73f6f6b055c5,K-6600,K-02,K-6358,2
67d29b546a0c73f6f6b055c5,K-6600,G-202,G-202,1
67d29b546a0c73f6f6b055c5,K-6600,K-1192,K-1192,1
67d29b566a0c73f6f6b055ce,K-6601,K-02,K-6358,2
67d29b566a0c73f6f6b055ce,K-6601,G-292,G-292,1
67d29b566a0c73f6f6b055ce,K-6601,K-165,K-165,1
67d29b576a0c73f6f6b055d6,K-6645,G-264,G-264,1
67d29b576a0c73f6f6b055d6,K-6645,K-1134,K-1134,1
67d29b5a6a0c73f6f6b055e6,K-6648,G-05,G-05,1
67d29b5a6a0c73f6f6b055e6,K-6648,G-263,G-263,1
67d29b5d6a0c73f6f6b055fe,K-6651,K-219,K-219,1
67d29b5d6a0c73f6f6b055fe,K-6651,K-6389,K-6389,1
67d29b5d6a0c73f6f6b055fe,K-6651,K-5645,K-5645,1
67d29b616a0c73f6f6b0561c,K-6654,K-158,K-158,1
67d29b616a0c73f6f6b0561c,K-6654,K-152,K-152,1
67d29b616a0c73f6f6b0561c,K-6654,K-869,K-869,1
67d29b616a0c73f6f6b0561c,K-6654,K-6241,K-6241,1
67d29b636a0c73f6f6b0562f,K-6655,K-141,K-141,1
67d29b636a0c73f6f6b0562f,K-6655,K-945,K-945,1
67d29b636a0c73f6f6b0562f,K-6655,K-5007,K-5007,1
67d29b706a0c73f6f6b05696,K-6831,K-344,K-344,1
67d29b706a0c73f6f6b05696,K-6831,K-58,K-58,1
67d29b726a0c73f6f6b056a5,K-6833,K-5774,K-5774,1
67d29b726a0c73f6f6b056a5,K-6833,K-141,K-141,1
67d29b726a0c73f6f6b056a5,K-6833,K-442,K-442,1
67d29b816a0c73f6f6b056f9,K-6843,K-6723,K-6723,1
67d29b816a0c73f6f6b056f9,K-6843,K-58,K-58,1
67d29b816a0c73f6f6b056f9,K-6843,K-06,K-06,1
67d29b846a0c73f6f6b0570d,K-6859,K-6892,K-5405,2
67d29b846a0c73f6f6b0570d,K-6859,K-6893,K-5142,2
67d29b846a0c73f6f6b0570d,K-6859,K-5680,K-5680,1
67d29b846a0c73f6f6b0570d,K-6859,K-5592,K-5592,1
67d29b846a0c73f6f6b0570d,K-6859,K-1171,K-06,2
67d29b876a0c73f6f6b05724,K-6861,K-6893,K-5142,2
67d29b876a0c73f6f6b05724,K-6861,K-5680,K-5680,1
67d29b876a0c73f6f6b05724,K-6861,K-5592,K-5592,1
67d29b876a0c73f6f6b05724,K-6861,K-1171,K-06,2
67d29b8a6a0c73f6f6b0573d,K-6863,K-6892,K-5405,2
67d29b8a6a0c73f6f6b0573d,K-6863,K-6893,K-5142,2
67d29b8a6a0c73f6f6b0573d,K-6863,K-5680,K-5680,1
67d29b8a6a0c73f6f6b0573d,K-6863,K-5592,K-5592,1
67d29b8a6a0c73f6f6b0573d,K-6863,K-1171,K-06,2
67d29b8e6a0c73f6f6b05765,K-6866,K-6892,K-5405,2
67d29b8e6a0c73f6f6b05765,K-6866,K-6893,K-5142,2
67d29b8e6a0c73f6f6b05765,K-6866,K-5680,K-5680,1
67d29b8e6a0c73f6f6b05765,K-6866,K-5592,K-5592,1
67d29b8e6a0c73f6f6b05765,K-6866,K-1171,K-06,2
67d29b8e6a0c73f6f6b05765,K-6866,K-6891,K-6389,5
67d29b986a0c73f6f6b057b5,K-6872,K-6893,K-5142,2
67d29b986a0c73f6f6b057b5,K-6872,K-5680,K-5680,1
67d29b986a0c73f6f6b057b5,K-6872,K-6894,K-5163,2
67d29b986a0c73f6f6b057b5,K-6872,K-6902,K-1200,2
67d29b9e6a0c73f6f6b057ef,K-6876,K-6892,K-5405,2
67d29b9e6a0c73f6f6b057ef,K-6876,K-6893,K-5142,2
67d29b9e6a0c73f6f6b057ef,K-6876,K-5680,K-5680,1
67d29b9e6a0c73f6f6b057ef,K-6876,K-6894,K-5163,2
67d29b9e6a0c73f6f6b057ef,K-6876,K-6902,K-1200,2
67d29b9e6a0c73f6f6b057ef,K-6876,K-6900,K-93,2
67d29ba26a0c73f6f6b0581c,K-6879,K-6892,K-5405,2
67d29ba26a0c73f6f6b0581c,K-6879,K-6893,K-5142,2
67d29ba26a0c73f6f6b0581c,K-6879,K-5680,K-5680,1
67d29ba26a0c73f6f6b0581c,K-6879,K-6894,K-5163,2
67d29ba26a0c73f6f6b0581c,K-6879,K-6902,K-1200,2
67d29ba26a0c73f6f6b0581c,K-6879,K-6898,K-5676,2
67d29ba56a0c73f6f6b0583a,K-6881,K-6895,K-105,2
67d29ba56a0c73f6f6b0583a,K-6881,K-6896,K-458,2
67d29ba56a0c73f6f6b0583a,K-6881,K-5567,K-5567,1
67d29ba56a0c73f6f6b0583a,K-6881,K-6897,K-252,2
67d29ba56a0c73f6f6b0583a,K-6881,K-5475,K-5475,1
67d29ba56a0c73f6f6b0583a,K-6881,K-6900,K-93,2
67d29ba96a0c73f6f6b0585f,K-6884,K-6895,K-105,2
67d29ba96a0c73f6f6b0585f,K-6884,K-6896,K-458,2
67d29ba96a0c73f6f6b0585f,K-6884,K-5567,K-5567,1
67d29ba96a0c73f6f6b0585f,K-6884,K-6897,K-252,2
67d29ba96a0c73f6f6b0585f,K-6884,K-5475,K-5475,1
67d29ba96a0c73f6f6b0585f,K-6884,K-6900,K-93,2
67d29bb06a0c73f6f6b0589e,K-6888,K-6895,K-105,2
67d29bb06a0c73f6f6b0589e,K-6888,K-6896,K-458,2
67d29bb06a0c73f6f6b0589e,K-6888,K-5567,K-5567,1
67d29bb06a0c73f6f6b0589e,K-6888,K-6897,K-252,2
67d29bb06a0c73f6f6b0589e,K-6888,K-5475,K-5475,1
67d29bb06a0c73f6f6b0589e,K-6888,K-1171,K-06,2
67d29bb06a0c73f6f6b0589e,K-6888,K-6898,K-5676,2
67d29bb36a0c73f6f6b058c0,K-6890,K-6895,K-105,2
67d29bb36a0c73f6f6b058c0,K-6890,K-6896,K-458,2
67d29bb36a0c73f6f6b058c0,K-6890,K-5567,K-5567,1
67d29bb36a0c73f6f6b058c0,K-6890,K-6897,K-252,2
67d29bb36a0c73f6f6b058c0,K-6890,K-5475,K-5475,1
67d29bb36a0c73f6f6b058c0,K-6890,K-1171,K-06,2
67d29bb36a0c73f6f6b058c0,K-6890,K-6901,K-97,2
67d29bb96a0c73f6f6b058ee,K-6984,K-6227,K-6227,1
67d29bb96a0c73f6f6b058ee,K-6984,K-06,K-06,1
67d29bbb6a0c73f6f6b058f6,K-6985,K-353,K-353,1
67d29bbb6a0c73f6f6b058f6,K-6985,K-577,K-577,1
67d29bbb6a0c73f6f6b058f6,K-6985,K-30,K-30,1
67d29bbf6a0c73f6f6b0590e,K-6996,K-361,K-361,1
67d29bbf6a0c73f6f6b0590e,K-6996,K-5565,K-5564,2
67d29bc66a0c73f6f6b05938,K-7013,K-5826,K-5826,1
67d29bc66a0c73f6f6b05938,K-7013,K-52,K-52,1
67d29bda6a0c73f6f6b0599e,K-7060,K-5187,K-5187,1
67d29bda6a0c73f6f6b0599e,K-7060,K-6002,K-6002,1
67d29be36a0c73f6f6b059ca,K-7193,K-141,K-141,1
67d29be36a0c73f6f6b059ca,K-7193,K-5565,K-5564,2
67d29beb6a0c73f6f6b059fb,K-7243,K-402,K-402,1
67d29beb6a0c73f6f6b059fb,K-7243,K-65,K-65,1
67d29beb6a0c73f6f6b059fb,K-7243,K-06,K-06,1
67d29bfb6a0c73f6f6b05a62,K-7256,K-5542,K-5688,5
67d29bfb6a0c73f6f6b05a62,K-7256,K-501,K-501,1
67d29bfb6a0c73f6f6b05a62,K-7256,K-489,K-489,1
67d29bfb6a0c73f6f6b05a62,K-7256,K-5907,K-5907,1
67d29bfe6a0c73f6f6b05a77,K-7258,K-5206,K-5206,1
67d29bfe6a0c73f6f6b05a77,K-7258,K-6902,K-1200,2
67d29bfe6a0c73f6f6b05a77,K-7258,K-5542,K-5688,5
67d29c006a0c73f6f6b05a82,K-7259,K-141,K-141,1
67d29c006a0c73f6f6b05a82,K-7259,K-58,K-58,1
67d29c006a0c73f6f6b05a82,K-7259,K-137,K-137,1
67d29c006a0c73f6f6b05a82,K-7259,K-5680,K-5680,1
67d29c006a0c73f6f6b05a82,K-7259,K-40,K-40,1
67d29c0a6a0c73f6f6b05ac2,K-7302,K-20,K-19,2
67d29c0a6a0c73f6f6b05ac2,K-7302,K-5002,K-5002,1
67d29be66a0c73f6f6b059db,K-7197,K-354,K-354,1
67d29be66a0c73f6f6b059db,K-7197,K-06,K-06,1
67d29be66a0c73f6f6b059db,K-7197,K-5565,K-5564,2
67d29be86a0c73f6f6b059ea,K-7200,K-5774,K-5774,1
67d29be86a0c73f6f6b059ea,K-7200,K-6689,K-5821,2
67d29bec6a0c73f6f6b05a04,K-7244,K-5565,K-5564,2
67d29bec6a0c73f6f6b05a04,K-7244,K-5709,K-5708,2
67d29bec6a0c73f6f6b05a04,K-7244,K-141,K-141,1
67d29bf56a0c73f6f6b05a3e,K-7251,K-389,K-388,2
67d29bf56a0c73f6f6b05a3e,K-7251,K-1137,K-489,2
67d29c016a0c73f6f6b05a8d,K-7268,K-6935,K-6935,1
67d29c016a0c73f6f6b05a8d,K-7268,K-141,K-141,1
67d29c016a0c73f6f6b05a8d,K-7268,K-30,K-30,1
67d29c026a0c73f6f6b05a96,K-7269,K-987,K-987,1
67d29c026a0c73f6f6b05a96,K-7269,K-5568,K-5568,1
67d29c026a0c73f6f6b05a96,K-7269,K-6723,K-6723,1
67d29c086a0c73f6f6b05ab3,K-7279,K-444,K-442,4
67d29c086a0c73f6f6b05ab3,K-7279,K-6723,K-6723,1
67d29c086a0c73f6f6b05ab3,K-7279,K-5224,K-5224,1
67d29c096a0c73f6f6b05abb,K-7288,K-6272,K-6272,1
67d29c096a0c73f6f6b05abb,K-7288,K-5689,K-5689,1
67d29c0b6a0c73f6f6b05ac9,K-7303,K-21,K-19,4
67d29c0b6a0c73f6f6b05ac9,K-7303,K-5002,K-5002,1
67d29c0e6a0c73f6f6b05ade,K-7306,K-19,K-19,1
67d29c0e6a0c73f6f6b05ade,K-7306,K-5002,K-5002,1
67d2a1518229b42bd814c6f5,G-478,K-5151,K-5151,1
67d2a1518229b42bd814c6f5,G-478,K-5567,K-5567,1
67d2a1518229b42bd814c6f5,G-478,K-1298,K-1298,1
67d2a2028229b42bd814d682,K-6841,K-176,K-176,1
67d2a2028229b42bd814d682,K-6841,K-1266,K-1266,1
67d2a2028229b42bd814d682,K-6841,K-65,K-65,1
67d53373328f0ba466951999,K-7254,K-7241,K-495,2
67d53373328f0ba466951999,K-7254,K-336,K-336,1
67d53444328f0ba466953bb7,K-6652,K-24,K-24,1
67d53444328f0ba466953bb7,K-6652,K-6661,K-6661,1
67d53444328f0ba466953bb7,K-6652,K-158,K-158,1
67d53444328f0ba466953bb7,K-6652,K-6660,K-6660,1
67d534f2328f0ba466958c30,K-7255,K-130,K-130,1
67d534f2328f0ba466958c30,K-7255,K-7163,K-7163,1
67d534f2328f0ba466958c30,K-7255,K-6725,K-6725,1
67d534f2328f0ba466958c30,K-7255,K-7148,K-7148,1
67d534f2328f0ba466958c30,K-7255,K-6402,K-5224,2
67d534f2328f0ba466958c30,K-7255,K-165,K-165,1
67d534f2328f0ba466958c30,K-7255,K-7242,K-06,3
67d5355a328f0ba46695b8d2,K-7270,K-5971,K-5971,1
67d5355a328f0ba46695b8d2,K-7270,K-141,K-141,1
67d5355a328f0ba46695b8d2,K-7270,K-5007,K-5007,1
67d5355a328f0ba46695b8d2,K-7270,K-7274,K-7274,1
67e15c9bd3986d4579dd0976,K-7320,K-1200,K-1200,1
67e15c9bd3986d4579dd0976,K-7320,K-5428,K-5428,1
67e15c9bd3986d4579dd0976,K-7320,K-388,K-388,1
67e15c9bd3986d4579dd0976,K-7320,K-489,K-489,1
67e15c9bd3986d4579dd0976,K-7320,K-141,K-141,1
67e15c9bd3986d4579dd0976,K-7320,K-353,K-353,1
67e15c9bd3986d4579dd0976,K-7320,K-1359,K-1359,1
67e15c9cd3986d4579dd0987,K-7321,K-1200,K-1200,1
67e15c9cd3986d4579dd0987,K-7321,K-5428,K-5428,1
67e15c9cd3986d4579dd0987,K-7321,K-388,K-388,1
67e15c9cd3986d4579dd0987,K-7321,K-489,K-489,1
67e15c9cd3986d4579dd0987,K-7321,K-141,K-141,1
67e15c9cd3986d4579dd0987,K-7321,K-353,K-353,1
67e15c9cd3986d4579dd0987,K-7321,K-1359,K-1359,1
67e15c9cd3986d4579dd0999,K-7322,K-06,K-06,1
67e15c9cd3986d4579dd0999,K-7322,K-5358,K-5358,1
67e15c9cd3986d4579dd0999,K-7322,K-6040,K-6040,1
67e15c9cd3986d4579dd0999,K-7322,K-361,K-361,1
67e15c9cd3986d4579dd0999,K-7322,K-141,K-141,1
67e15c9cd3986d4579dd0999,K-7322,K-1200,K-1200,1
67e15c9cd3986d4579dd0999,K-7322,K-5730,K-5730,1
67e15c9cd3986d4579dd0999,K-7322,K-501,K-501,1
67f0beffd59635741db2db61,K-7344,K-52,K-52,1
67f0beffd59635741db2db61,K-7344,K-06,K-06,1
67f77b34242b30bcce5daaec,K-7336,K-317,K-317,1
67f77b34242b30bcce5daaec,K-7336,K-58,K-58,1
67f77b34242b30bcce5daaec,K-7336,K-6367,K-6367,1
67f903767b59fad81d846bf0,K-5928,K-5803,K-5803,1
67f903767b59fad81d846bf0,K-5928,K-152,K-152,1
680ca065151966699bc09468,K-7445,K-1359,K-1359,1
680ca065151966699bc09468,K-7445,K-317,K-317,1
680ca065151966699bc09468,K-7445,K-24,K-24,1
680ca065151966699bc09468,K-7445,K-388,K-388,1
680ca065151966699bc09468,K-7445,K-141,K-141,1
680ca065151966699bc09468,K-7445,K-5142,K-5142,1
6819f76f9658ad38340706e8,K-7338,K-317,K-317,1
6819f76f9658ad38340706e8,K-7338,K-58,K-58,1
6819f76f9658ad38340706e8,K-7338,K-6367,K-6367,1
681f30c029e81bcf07dab2a6,K-5452,K-1326,K-1326,1
681f30c029e81bcf07dab2a6,K-5452,K-1327,K-1327,1
681f30c029e81bcf07dab2a6,K-5452,K-1328,K-1328,1
681f30c029e81bcf07dab2a6,K-5452,K-1329,K-1329,1
681f30c029e81bcf07dab2ac,K-5131,K-5106,K-5106,1
681f30c029e81bcf07dab2ac,K-5131,K-5127,K-5127,1
681f30c029e81bcf07dab2b2,K-5188,K-5106,K-5106,1
681f30c029e81bcf07dab2b2,K-5188,K-5127,K-5127,1
681f30c029e81bcf07dab2ba,G-492,K-350,K-350,1
681f30c029e81bcf07dab2ba,G-492,K-217,K-217,1
681f30c029e81bcf07dab2ba,G-492,K-7216,K-7216,1
681f30c129e81bcf07dab2c2,G-493,K-444,K-442,4
681f30c129e81bcf07dab2c2,G-493,K-7216,K-7216,1
681f30c129e81bcf07dab2c2,G-493,K-402,K-402,1
681f30c129e81bcf07dab2ca,G-494,K-256,K-256,1
681f30c129e81bcf07dab2ca,G-494,K-7216,K-7216,1
681f30c129e81bcf07dab2ca,G-494,K-420,K-420,1
681f30c129e81bcf07dab2d1,G-496,K-81,K-81,1
681f30c129e81bcf07dab2d1,G-496,K-986,K-986,1
681f30c129e81bcf07dab2d9,G-497,K-244,K-244,1
681f30c129e81bcf07dab2d9,G-497,K-6659,K-6659,1
681f30c129e81bcf07dab2d9,G-497,K-1245,K-1245,1
681f30c129e81bcf07dab2e0,G-498,K-06,K-06,1
681f30c129e81bcf07dab2e0,G-498,K-5079,K-5079,1
681f30c129e81bcf07dab2e8,G-499,K-141,K-141,1
681f30c129e81bcf07dab2e8,G-499,K-06,K-06,1
681f30c129e81bcf07dab2e8,G-499,K-105,K-105,1
681f30c229e81bcf07dab2f0,G-501,K-478,K-478,1
681f30c229e81bcf07dab2f0,G-501,K-30,K-30,1
681f30c229e81bcf07dab2f0,G-501,K-560,K-560,1
681f30c229e81bcf07dab2f6,G-502,K-1272,K-1272,1
681f30c229e81bcf07dab2f6,G-502,K-478,K-478,1
681f30c229e81bcf07dab2fe,G-503,K-433,K-433,1
681f30c229e81bcf07dab2fe,G-503,K-442,K-442,1
681f30c229e81bcf07dab2fe,G-503,K-7216,K-7216,1
681f30c229e81bcf07dab304,K-7345,K-52,K-52,1
681f30c229e81bcf07dab304,K-7345,K-06,K-06,1
681f30c229e81bcf07dab30a,K-7346,K-52,K-52,1
681f30c229e81bcf07dab30a,K-7346,K-06,K-06,1
681f30c329e81bcf07dab310,K-7347,K-52,K-52,1
681f30c329e81bcf07dab310,K-7347,K-06,K-06,1
681f30c329e81bcf07dab318,K-7337,K-317,K-317,1
681f30c329e81bcf07dab318,K-7337,K-58,K-58,1
681f30c329e81bcf07dab318,K-7337,K-6367,K-6367,1
681f30c429e81bcf07dab320,K-7339,K-317,K-317,1
681f30c429e81bcf07dab320,K-7339,K-58,K-58,1
681f30c429e81bcf07dab320,K-7339,K-6367,K-6367,1
681f30c429e81bcf07dab326,K-7340,K-141,K-141,1
681f30c429e81bcf07dab326,K-7340,K-6227,K-6227,1
681f30c429e81bcf07dab32c,K-7341,K-141,K-141,1
681f30c429e81bcf07dab32c,K-7341,K-6227,K-6227,1
681f30c529e81bcf07dab332,K-7342,K-141,K-141,1
681f30c529e81bcf07dab332,K-7342,K-6227,K-6227,1
681f30c529e81bcf07dab338,K-7343,K-141,K-141,1
681f30c529e81bcf07dab338,K-7343,K-6227,K-6227,1
681f30c529e81bcf07dab33e,K-7352,K-5803,K-5803,1
681f30c529e81bcf07dab33e,K-7352,K-7274,K-7274,1
681f30c529e81bcf07dab344,K-7353,K-5803,K-5803,1
681f30c529e81bcf07dab344,K-7353,K-7274,K-7274,1
681f30c529e81bcf07dab34a,K-7354,K-5803,K-5803,1
681f30c529e81bcf07dab34a,K-7354,K-7274,K-7274,1
681f30c529e81bcf07dab350,K-7355,K-5803,K-5803,1
681f30c529e81bcf07dab350,K-7355,K-7274,K-7274,1
681f30c529e81bcf07dab356,K-7426,K-1359,K-1359,1
681f30c529e81bcf07dab356,K-7426,K-65,K-65,1
681f30c629e81bcf07dab35c,K-7427,K-1359,K-1359,1
681f30c629e81bcf07dab35c,K-7427,K-65,K-65,1
681f30c629e81bcf07dab362,K-7428,K-1359,K-1359,1
681f30c629e81bcf07dab362,K-7428,K-65,K-65,1
681f30c629e81bcf07dab368,K-7429,K-1359,K-1359,1
681f30c629e81bcf07dab368,K-7429,K-65,K-65,1
681f30c629e81bcf07dab36e,K-7434,K-1359,K-1359,1
681f30c629e81bcf07dab36e,K-7434,K-65,K-65,1
683961a79d75561af5f4a12b,K-7561,K-5689,K-5689,1
683961a79d75561af5f4a12b,K-7561,K-304,K-304,1
683961a79d75561af5f4a12b,K-7561,K-5767,K-5767,1
683961a79d75561af5f4a12b,K-7561,K-986,K-986,1
683961a79d75561af5f4a12b,K-7561,K-599,K-599,1
683961a79d75561af5f4a12c,K-7560,K-40,K-40,1
683961a79d75561af5f4a12c,K-7560,K-59,K-59,1
683961a79d75561af5f4a12c,K-7560,K-158,K-158,1
683961a79d75561af5f4a12c,K-7560,K-5680,K-5680,1
683961a89d75561af5f4a12d,K-7559,K-1249,K-1249,1
683961a89d75561af5f4a12d,K-7559,K-5753,K-5753,1
683961a89d75561af5f4a12d,K-7559,K-489,K-489,1
683961a89d75561af5f4a12d,K-7559,K-1387,K-1387,1
683961a89d75561af5f4a12d,K-7559,K-433,K-433,1
